check_id,Transaction_ID,Transaction_Date,Invoice_No,Distributor_ID,Outlet_ID,SKU_ID,Sales_Type,Quantity,Net_Sales,Salesperson_ID,Month,Secondary_Sales,Snapshot_Date,Opening_Stock,Primary_Received,Sales_Return,Adjustment,Closing_Stock,Collection_ID,Invoice_Amount,Collection_Amount
T-01,TXN00048989,2027-01-15,SI/2122/0000849,DST-0019,OUT-01094,SKU-0036,Secondary,5,939.52,,,,,,,,,,,,
T-01,TXN00099574,2024-13-05,SI/2122/0014356,DST-0069,OUT-04236,SKU-0032,Secondary,8,1855.38,,,,,,,,,,,,
T-01,TXN00135771,31/12/2022,SI/2122/0024487,DST-0018,OUT-01056,SKU-0236,Secondary,5,1358.39,,,,,,,,,,,,
T-01,TXN00162636,2023-02-30,SI/2122/0031859,DST-0097,OUT-05834,SKU-0079,Secondary,3,659.99,,,,,,,,,,,,
T-01,TXN00194510,,SI/2122/0040577,DST-0070,OUT-04297,SKU-0042,Secondary,6,880.27,,,,,,,,,,,,
T-01,TXN00197010,2023-02-30,SI/2122/0041320,DST-0037,OUT-02268,SKU-0212,Secondary,46,3014.24,,,,,,,,,,,,
T-01,TXN00198835,31/12/2022,SI/2122/0041944,DST-0008,OUT-00453,SKU-0194,Secondary,37,1665.79,,,,,,,,,,,,
T-01,TXN00227592,,SI/2223/0001230,DST-0005,OUT-00269,SKU-0220,Secondary,9,1872.12,,,,,,,,,,,,
T-01,TXN00240230,2027-01-15,SI/2223/0004651,DST-0094,OUT-05703,SKU-0016,Secondary,15,2043.29,,,,,,,,,,,,
T-01,TXN00360092,,SI/2223/0037329,DST-0040,OUT-02423,SKU-0199,Secondary,2,461.06,,,,,,,,,,,,
T-01,TXN00368944,2027-01-15,SI/2223/0039721,DST-0060,OUT-03613,SKU-0068,Secondary,66,3707.92,,,,,,,,,,,,
T-01,TXN00381110,31/12/2022,SI/2223/0043362,DST-0092,OUT-05581,SKU-0088,Secondary,19,432.92,,,,,,,,,,,,
T-01,TXN00392689,2023-02-30,SI/2223/0046539,DST-0095,OUT-05710,SKU-0186,Secondary,25,2229.74,,,,,,,,,,,,
T-01,TXN00584943,31/12/2022,SI/2324/0043461,DST-0031,OUT-01918,SKU-0228,Secondary,5,477.12,,,,,,,,,,,,
T-01,TXN00587146,2024-13-05,SI/2324/0044209,DST-0087,OUT-05296,SKU-0060,Secondary,1,421.86,,,,,,,,,,,,
T-01,TXN00601506,2027-01-15,SI/2324/0047999,DST-0080,OUT-04845,SKU-0055,Secondary,14,3173.02,,,,,,,,,,,,
T-01,TXN00632299,,SI/2324/0056490,DST-0052,OUT-03269,SKU-0059,Secondary,4,935.74,,,,,,,,,,,,
T-01,TXN00632487,2024-13-05,SI/2324/0056551,DST-0080,OUT-04856,SKU-0038,Secondary,1,204.31,,,,,,,,,,,,
T-01,TXN00650689,2023-02-30,SI/2425/0001698,DST-0044,OUT-02742,SKU-0068,Secondary,54,3234.03,,,,,,,,,,,,
T-01,TXN00735167,31/12/2022,SI/2425/0024551,DST-0107,OUT-06471,SKU-0236,Secondary,8,2431.94,,,,,,,,,,,,
T-01,TXN00754195,2023-02-30,SI/2425/0029499,DST-0027,OUT-01628,SKU-0119,Secondary,12,2737.82,,,,,,,,,,,,
T-01,TXN00757958,2027-01-15,SI/2425/0030741,DST-0084,OUT-05144,SKU-0133,Secondary,29,2136.57,,,,,,,,,,,,
T-01,TXN00832636,2024-13-05,SI/2425/0051398,DST-0084,OUT-05128,SKU-0093,Secondary,306,2375.32,,,,,,,,,,,,
T-01,TXN00898203,,SI/2526/0003945,DST-0067,OUT-04091,SKU-0149,Secondary,20,1121.49,,,,,,,,,,,,
T-01,TXN00991967,2024-13-05,SI/2526/0029762,DST-0065,OUT-03965,SKU-0045,Secondary,4,1225.78,,,,,,,,,,,,
T-02,TXN01080238,2024-08-07,SI/2425/0021891,DST-0060,OUT-03616,SKU-0001,Secondary,38,1123.16,,,,,,,,,,,,
T-02,TXN01080239,2021-08-12,SI/2122/0015430,DST-0053,OUT-03317,SKU-0185,Secondary,9,422.62,,,,,,,,,,,,
T-02,TXN01080240,2022-03-15,SI/2122/0046033,DST-0065,OUT-03923,SKU-0197,Secondary,32,1634.8,,,,,,,,,,,,
T-02,TXN01080241,2024-07-03,SI/2425/0016001,DST-0090,OUT-05457,SKU-0211,Secondary,30,3759.36,,,,,,,,,,,,
T-02,TXN01080242,2024-11-19,SI/2425/0041469,DST-0047,OUT-02953,SKU-0042,Secondary,6,1007.32,,,,,,,,,,,,
T-02,TXN01080243,2023-10-28,SI/2324/0033948,DST-0110,OUT-06699,SKU-0024,Secondary,6,1128.83,,,,,,,,,,,,
T-02,TXN01080244,2023-06-30,SI/2324/0013784,DST-0049,OUT-03066,SKU-0146,Secondary,12,626.48,,,,,,,,,,,,
T-02,TXN01080245,2021-03-17,SI/2021/0009777,DST-0013,OUT-00767,SKU-0210,Secondary,1,63.15,,,,,,,,,,,,
T-02,TXN01080246,2021-10-18,SI/2122/0025139,DST-0105,OUT-06312,SKU-0171,Secondary,85,1655.53,,,,,,,,,,,,
T-02,TXN01080247,2024-03-14,SI/2324/0057161,DST-0072,OUT-04412,SKU-0001,Secondary,85,2575.68,,,,,,,,,,,,
T-02,TXN01080248,2023-07-20,SI/2324/0017031,DST-0036,OUT-02222,SKU-0143,Secondary,10,1346.92,,,,,,,,,,,,
T-02,TXN01080249,2024-03-30,SI/2324/0059700,DST-0086,OUT-05213,SKU-0080,Secondary,5,2277.91,,,,,,,,,,,,
T-02,TXN01080250,2024-06-22,SI/2425/0014351,DST-0056,OUT-03475,SKU-0143,Secondary,4,597.42,,,,,,,,,,,,
T-02,TXN01080251,2021-04-28,SI/2122/0003095,DST-0072,OUT-04383,SKU-0133,Secondary,7,493.99,,,,,,,,,,,,
T-02,TXN01080252,2021-05-17,SI/2122/0005083,DST-0091,OUT-05479,SKU-0216,Secondary,5,503.86,,,,,,,,,,,,
T-02,TXN01080253,2025-07-11,SI/2526/0019299,DST-0058,OUT-03555,SKU-0200,Secondary,12,774.93,,,,,,,,,,,,
T-02,TXN01080254,2021-09-07,SI/2122/0018989,DST-0051,OUT-03204,SKU-0214,Secondary,10,658.67,,,,,,,,,,,,
T-02,TXN01080255,2022-05-18,SI/2223/0006938,DST-0076,OUT-04634,SKU-0175,Secondary,15,396.62,,,,,,,,,,,,
T-02,TXN01080256,2023-10-28,SI/2324/0033935,DST-0106,OUT-06402,SKU-0185,Secondary,42,2124.51,,,,,,,,,,,,
T-02,TXN01080257,2023-01-24,SI/2223/0044862,DST-0089,OUT-05403,SKU-0222,Secondary,11,2233.67,,,,,,,,,,,,
T-02,TXN01080258,2024-01-10,SI/2324/0046665,DST-0049,OUT-03052,SKU-0139,Secondary,9,720.92,,,,,,,,,,,,
T-02,TXN01080259,2024-07-06,SI/2425/0016774,DST-0073,OUT-04433,SKU-0042,Secondary,11,1896.68,,,,,,,,,,,,
T-02,TXN01080260,2024-12-04,SI/2425/0044305,DST-0108,OUT-06504,SKU-0122,Secondary,3,733.75,,,,,,,,,,,,
T-02,TXN01080261,2023-04-01,SI/2324/0000103,DST-0090,OUT-05441,SKU-0060,Secondary,9,3495.39,,,,,,,,,,,,
T-02,TXN01080262,2021-10-26,SI/2122/0026157,DST-0008,OUT-00476,SKU-0068,Secondary,26,1444.95,,,,,,,,,,,,
T-02,TXN01080263,2024-04-04,SI/2425/0000707,DST-0039,OUT-02384,SKU-0159,Secondary,101,2071.07,,,,,,,,,,,,
T-02,TXN01080264,2024-04-15,SI/2425/0002659,DST-0032,OUT-01965,SKU-0068,Secondary,34,2094.25,,,,,,,,,,,,
T-02,TXN01080265,2025-09-24,SI/2526/0033809,DST-0009,OUT-00547,SKU-0168,Secondary,116,2310.51,,,,,,,,,,,,
T-02,TXN01080266,2025-07-07,SI/2526/0018548,DST-0105,OUT-06356,SKU-0075,Secondary,79,10724.25,,,,,,,,,,,,
T-02,TXN01080267,2025-07-19,SI/2526/0020769,DST-0086,OUT-05216,SKU-0068,Secondary,25,1683.19,,,,,,,,,,,,
T-02,TXN01080268,2024-08-08,SI/2425/0022138,DST-0067,OUT-04074,SKU-0211,Secondary,18,2344.32,,,,,,,,,,,,
T-02,TXN01080269,2022-07-05,SI/2223/0013568,DST-0034,OUT-02088,SKU-0139,Secondary,30,2043.89,,,,,,,,,,,,
T-02,TXN01080270,2025-02-20,SI/2425/0058236,DST-0002,OUT-00110,SKU-0074,Secondary,3,1476.0,,,,,,,,,,,,
T-02,TXN01080271,2025-11-19,SI/2526/0046159,DST-0044,OUT-02736,SKU-0068,Secondary,58,3393.87,,,,,,,,,,,,
T-02,TXN01080272,2024-12-16,SI/2425/0046526,DST-0034,OUT-02101,SKU-0042,Secondary,18,2874.96,,,,,,,,,,,,
T-02,TXN01080273,2023-10-11,SI/2324/0030818,DST-0038,OUT-02292,SKU-0068,Secondary,6,367.29,,,,,,,,,,,,
T-02,TXN01080274,2022-01-17,SI/2122/0038015,DST-0074,OUT-04498,SKU-0042,Secondary,4,605.48,,,,,,,,,,,,
T-02,TXN01080275,2025-09-18,SI/2526/0032831,DST-0065,OUT-03952,SKU-0062,Secondary,47,3089.84,,,,,,,,,,,,
T-02,TXN01080276,2024-02-03,SI/2324/0050521,DST-0108,OUT-06517,SKU-0065,Secondary,107,3564.3,,,,,,,,,,,,
T-02,TXN01080277,2025-03-22,SI/2425/0063905,DST-0044,OUT-02767,SKU-0122,Secondary,8,1779.71,,,,,,,,,,,,
T-02,TXN01080278,2023-11-21,SI/2324/0038228,DST-0090,OUT-05419,SKU-0060,Secondary,11,4480.84,,,,,,,,,,,,
T-02,TXN01080279,2024-07-24,SI/2425/0019490,DST-0056,OUT-03463,SKU-0093,Secondary,40,343.8,,,,,,,,,,,,
T-02,TXN01080280,2024-12-04,SI/2425/0044091,DST-0019,OUT-01090,SKU-0059,Secondary,9,2093.18,,,,,,,,,,,,
T-02,TXN01080281,2025-02-06,SI/2425/0055718,DST-0039,OUT-02410,SKU-0042,Secondary,2,355.74,,,,,,,,,,,,
T-02,TXN01080282,2024-06-20,SI/2425/0013936,DST-0014,OUT-00816,SKU-0088,Secondary,66,1649.29,,,,,,,,,,,,
T-02,TXN01080283,2022-12-24,SI/2223/0040156,DST-0040,OUT-02439,SKU-0154,Secondary,11,730.6,,,,,,,,,,,,
T-02,TXN01080284,2023-04-07,SI/2324/0001230,DST-0024,OUT-01436,SKU-0146,Secondary,23,1160.31,,,,,,,,,,,,
T-02,TXN01080285,2023-02-25,SI/2223/0049859,DST-0070,OUT-04271,SKU-0207,Secondary,17,2408.86,,,,,,,,,,,,
T-02,TXN01080286,2025-09-30,SI/2526/0035055,DST-0084,OUT-05122,SKU-0195,Secondary,52,5094.47,,,,,,,,,,,,
T-02,TXN01080287,2023-11-23,SI/2324/0038664,DST-0104,OUT-06239,SKU-0149,Secondary,18,927.54,,,,,,,,,,,,
T-02,TXN01080288,2025-11-04,SI/2526/0042540,DST-0067,OUT-04048,SKU-0144,Secondary,61,4870.19,,,,,,,,,,,,
T-02,TXN01080289,2021-05-19,SI/2122/0005219,DST-0001,OUT-00020,SKU-0038,Secondary,3,550.8,,,,,,,,,,,,
T-02,TXN01080290,2024-10-23,SI/2425/0036164,DST-0094,OUT-05643,SKU-0016,Secondary,10,1543.71,,,,,,,,,,,,
T-02,TXN01080291,2022-12-27,SI/2223/0040569,DST-0084,OUT-05120,SKU-0119,Secondary,15,3190.56,,,,,,,,,,,,
T-02,TXN01080292,2024-12-07,SI/2425/0044997,DST-0040,OUT-02438,SKU-0185,Secondary,21,1151.51,,,,,,,,,,,,
T-02,TXN01080293,2025-04-10,SI/2526/0002152,DST-0084,OUT-05154,SKU-0042,Secondary,21,3490.36,,,,,,,,,,,,
T-02,TXN01080294,2025-10-14,SI/2526/0038268,DST-0113,OUT-06866,SKU-0051,Secondary,2,438.79,,,,,,,,,,,,
T-02,TXN01080295,2021-10-19,SI/2122/0025196,DST-0026,OUT-01586,SKU-0146,Secondary,45,1955.16,,,,,,,,,,,,
T-02,TXN01080296,2021-07-30,SI/2122/0013510,DST-0015,OUT-00879,SKU-0138,Secondary,7,1610.49,,,,,,,,,,,,
T-02,TXN01080297,2024-02-12,SI/2324/0051967,DST-0052,OUT-03265,SKU-0033,Secondary,19,1412.12,,,,,,,,,,,,
T-02,TXN01080298,2024-11-09,SI/2425/0039756,DST-0099,OUT-05970,SKU-0001,Secondary,39,1219.77,,,,,,,,,,,,
T-02,TXN01080299,2021-06-28,SI/2122/0009546,DST-0080,OUT-04860,SKU-0047,Secondary,1,268.17,,,,,,,,,,,,
T-02,TXN01080300,2024-12-19,SI/2425/0047106,DST-0022,OUT-01305,SKU-0048,Secondary,25,4299.28,,,,,,,,,,,,
T-02,TXN01080301,2024-07-04,SI/2425/0016190,DST-0050,OUT-03139,SKU-0141,Secondary,3,826.49,,,,,,,,,,,,
T-02,TXN01080302,2023-02-10,SI/2223/0047717,DST-0013,OUT-00732,SKU-0042,Secondary,4,643.11,,,,,,,,,,,,
T-02,TXN01080303,2022-07-06,SI/2223/0013842,DST-0041,OUT-02532,SKU-0195,Secondary,4,362.48,,,,,,,,,,,,
T-02,TXN01080304,2023-04-06,SI/2324/0001084,DST-0082,OUT-05039,SKU-0068,Secondary,6,384.12,,,,,,,,,,,,
T-02,TXN01080305,2023-12-12,SI/2324/0041972,DST-0069,OUT-04232,SKU-0068,Secondary,8,512.16,,,,,,,,,,,,
T-02,TXN01080306,2024-02-16,SI/2324/0052762,DST-0107,OUT-06439,SKU-0185,Secondary,10,518.01,,,,,,,,,,,,
T-02,TXN01080307,2025-09-29,SI/2526/0034834,DST-0083,OUT-05059,SKU-0102,Secondary,109,1438.39,,,,,,,,,,,,
T-02,TXN01080308,2024-09-03,SI/2425/0026456,DST-0090,OUT-05414,SKU-0184,Secondary,47,8928.53,,,,,,,,,,,,
T-02,TXN01080309,2021-11-26,SI/2122/0030912,DST-0039,OUT-02373,SKU-0142,Secondary,19,1278.68,,,,,,,,,,,,
T-02,TXN01080310,2025-09-09,SI/2526/0030937,DST-0103,OUT-06194,SKU-0202,Secondary,4,985.09,,,,,,,,,,,,
T-02,TXN01080311,2022-07-08,SI/2223/0014310,DST-0071,OUT-04357,SKU-0020,Secondary,5,793.2,,,,,,,,,,,,
T-02,TXN01080312,2022-07-25,SI/2223/0016403,DST-0070,OUT-04276,SKU-0023,Secondary,16,1116.81,,,,,,,,,,,,
T-02,TXN01080313,2022-03-04,SI/2122/0044439,DST-0100,OUT-06017,SKU-0070,Secondary,2,445.81,,,,,,,,,,,,
T-02,TXN01080314,2023-09-09,SI/2324/0025392,DST-0115,OUT-06980,SKU-0102,Secondary,249,2659.32,,,,,,,,,,,,
T-02,TXN01080315,2025-06-09,SI/2526/0013131,DST-0016,OUT-00901,SKU-0197,Secondary,8,516.62,,,,,,,,,,,,
T-02,TXN01080316,2024-11-28,SI/2425/0043242,DST-0090,OUT-05426,SKU-0221,Secondary,6,2259.27,,,,,,,,,,,,
T-02,TXN01080317,2021-07-29,SI/2122/0013421,DST-0053,OUT-03316,SKU-0185,Secondary,8,374.69,,,,,,,,,,,,
T-02,TXN01080318,2021-06-14,SI/2122/0008083,DST-0082,OUT-05027,SKU-0171,Secondary,18,375.41,,,,,,,,,,,,
T-02,TXN01080319,2025-02-25,SI/2425/0058990,DST-0012,OUT-00695,SKU-0068,Secondary,45,2933.04,,,,,,,,,,,,
T-02,TXN01080320,2024-08-10,SI/2425/0022455,DST-0056,OUT-03471,SKU-0033,Secondary,10,832.84,,,,,,,,,,,,
T-02,TXN01080321,2025-06-18,SI/2526/0015061,DST-0094,OUT-05703,SKU-0168,Secondary,159,3333.67,,,,,,,,,,,,
T-02,TXN01080322,2025-04-11,SI/2526/0002274,DST-0034,OUT-02040,SKU-0048,Secondary,20,3146.74,,,,,,,,,,,,
T-02,TXN01080323,2024-02-29,SI/2324/0054570,DST-0089,OUT-05366,SKU-0177,Secondary,42,1198.4,,,,,,,,,,,,
T-02,TXN01080324,2025-08-22,SI/2526/0027270,DST-0031,OUT-01924,SKU-0217,Secondary,5,1651.77,,,,,,,,,,,,
T-02,TXN01080325,2024-07-11,SI/2425/0017582,DST-0104,OUT-06256,SKU-0001,Secondary,15,481.43,,,,,,,,,,,,
T-02,TXN01080326,2024-05-16,SI/2425/0007970,DST-0065,OUT-03962,SKU-0082,Secondary,51,1274.45,,,,,,,,,,,,
T-02,TXN01080327,2024-12-06,SI/2425/0044748,DST-0040,OUT-02429,SKU-0078,Secondary,4,536.45,,,,,,,,,,,,
T-02,TXN01080328,2025-08-26,SI/2526/0027957,DST-0099,OUT-05999,SKU-0159,Secondary,40,834.25,,,,,,,,,,,,
T-02,TXN01080329,2024-06-22,SI/2425/0014311,DST-0032,OUT-01947,SKU-0220,Secondary,10,2123.56,,,,,,,,,,,,
T-02,TXN01080330,2025-12-01,SI/2526/0048473,DST-0035,OUT-02155,SKU-0112,Secondary,9,1090.47,,,,,,,,,,,,
T-02,TXN01080331,2022-02-11,SI/2122/0041771,DST-0111,OUT-06740,SKU-0012,Secondary,3,496.38,,,,,,,,,,,,
T-02,TXN01080332,2022-12-05,SI/2223/0037026,DST-0032,OUT-01984,SKU-0060,Secondary,9,3322.25,,,,,,,,,,,,
T-02,TXN01080333,2023-03-21,SI/2223/0053460,DST-0034,OUT-02103,SKU-0060,Secondary,11,3966.91,,,,,,,,,,,,
T-02,TXN01080334,2025-08-13,SI/2526/0025455,DST-0059,OUT-03601,SKU-0072,Secondary,5,689.61,,,,,,,,,,,,
T-02,TXN01080335,2025-12-13,SI/2526/0051209,DST-0040,OUT-02432,SKU-0043,Secondary,6,1784.6,,,,,,,,,,,,
T-02,TXN01080336,2021-11-04,SI/2122/0027515,DST-0008,OUT-00496,SKU-0203,Secondary,29,1453.36,,,,,,,,,,,,
T-02,TXN01080337,2023-05-02,SI/2324/0004798,DST-0023,OUT-01330,SKU-0016,Secondary,36,5128.87,,,,,,,,,,,,
T-02,TXN01080338,2023-03-18,SI/2223/0053173,DST-0090,OUT-05446,SKU-0194,Secondary,46,2051.02,,,,,,,,,,,,
T-02,TXN01080339,2023-12-11,SI/2324/0041678,DST-0034,OUT-02058,SKU-0076,Secondary,4,983.62,,,,,,,,,,,,
T-02,TXN01080340,2023-12-02,SI/2324/0040146,DST-0107,OUT-06434,SKU-0118,Secondary,10,497.92,,,,,,,,,,,,
T-02,TXN01080341,2022-02-14,SI/2122/0041987,DST-0039,OUT-02370,SKU-0042,Secondary,1,150.98,,,,,,,,,,,,
T-02,TXN01080342,2025-11-18,SI/2526/0046001,DST-0093,OUT-05629,SKU-0185,Secondary,37,2026.75,,,,,,,,,,,,
T-02,TXN01080343,2023-02-04,SI/2223/0046798,DST-0107,OUT-06461,SKU-0102,Secondary,124,1383.84,,,,,,,,,,,,
T-02,TXN01080344,2021-07-29,SI/2122/0013450,DST-0087,OUT-05303,SKU-0051,Secondary,13,2245.0,,,,,,,,,,,,
T-02,TXN01080345,2023-05-17,SI/2324/0007259,DST-0013,OUT-00727,SKU-0044,Secondary,1,161.64,,,,,,,,,,,,
T-02,TXN01080346,2023-11-02,SI/2324/0034597,DST-0038,OUT-02322,SKU-0138,Secondary,6,1545.85,,,,,,,,,,,,
T-02,TXN01080347,2025-11-12,SI/2526/0044671,DST-0056,OUT-03465,SKU-0093,Secondary,78,731.98,,,,,,,,,,,,
T-02,TXN01080348,2025-08-25,SI/2526/0027649,DST-0044,OUT-02768,SKU-0214,Secondary,108,7945.35,,,,,,,,,,,,
T-02,TXN01080349,2023-05-23,SI/2324/0008142,DST-0053,OUT-03323,SKU-0016,Secondary,2,301.11,,,,,,,,,,,,
T-02,TXN01080350,2023-11-20,SI/2324/0037967,DST-0054,OUT-03391,SKU-0039,Secondary,2,713.82,,,,,,,,,,,,
T-02,TXN01080351,2023-10-16,SI/2324/0031727,DST-0047,OUT-02906,SKU-0139,Secondary,18,1371.24,,,,,,,,,,,,
T-02,TXN01080352,2023-02-27,SI/2223/0050041,DST-0096,OUT-05820,SKU-0166,Secondary,12,508.01,,,,,,,,,,,,
T-02,TXN01080353,2023-02-27,SI/2223/0050049,DST-0100,OUT-06019,SKU-0012,Secondary,4,696.16,,,,,,,,,,,,
T-02,TXN01080354,2025-03-03,SI/2425/0059959,DST-0074,OUT-04523,SKU-0048,Secondary,2,350.3,,,,,,,,,,,,
T-02,TXN01080355,2021-05-05,SI/2122/0003798,DST-0024,OUT-01419,SKU-0226,Secondary,8,683.37,,,,,,,,,,,,
T-02,TXN01080356,2022-08-20,SI/2223/0020305,DST-0075,OUT-04600,SKU-0133,Secondary,13,951.86,,,,,,,,,,,,
T-02,TXN01080357,2022-12-09,SI/2223/0038077,DST-0105,OUT-06326,SKU-0175,Secondary,46,1232.27,,,,,,,,,,,,
T-02,TXN01080358,2022-05-11,SI/2223/0005904,DST-0084,OUT-05151,SKU-0143,Secondary,36,4397.5,,,,,,,,,,,,
T-02,TXN01080359,2025-09-05,SI/2526/0030133,DST-0070,OUT-04296,SKU-0143,Secondary,7,973.99,,,,,,,,,,,,
T-02,TXN01080360,2025-05-21,SI/2526/0009509,DST-0011,OUT-00651,SKU-0217,Secondary,1,344.56,,,,,,,,,,,,
T-02,TXN01080361,2022-12-19,SI/2223/0039420,DST-0085,OUT-05173,SKU-0163,Secondary,12,501.5,,,,,,,,,,,,
T-02,TXN01080362,2025-02-11,SI/2425/0056699,DST-0052,OUT-03286,SKU-0221,Secondary,7,2607.78,,,,,,,,,,,,
T-02,TXN01080363,2024-09-20,SI/2425/0029872,DST-0016,OUT-00941,SKU-0012,Secondary,6,1173.79,,,,,,,,,,,,
T-02,TXN01080364,2025-09-27,SI/2526/0034649,DST-0098,OUT-05936,SKU-0042,Secondary,11,1925.86,,,,,,,,,,,,
T-02,TXN01080365,2022-02-08,SI/2122/0041245,DST-0104,OUT-06233,SKU-0162,Secondary,105,1826.94,,,,,,,,,,,,
T-02,TXN01080366,2023-01-16,SI/2223/0043685,DST-0074,OUT-04522,SKU-0025,Secondary,13,961.36,,,,,,,,,,,,
T-02,TXN01080367,2025-08-23,SI/2526/0027440,DST-0032,OUT-01947,SKU-0217,Secondary,8,2443.91,,,,,,,,,,,,
T-02,TXN01080368,2022-04-08,SI/2223/0001248,DST-0016,OUT-00972,SKU-0093,Secondary,67,541.69,,,,,,,,,,,,
T-02,TXN01080369,2023-03-23,SI/2223/0053901,DST-0106,OUT-06377,SKU-0042,Secondary,6,934.83,,,,,,,,,,,,
T-02,TXN01080370,2021-02-18,SI/2021/0006496,DST-0043,OUT-02713,SKU-0070,Secondary,21,4221.84,,,,,,,,,,,,
T-02,TXN01080371,2021-04-19,SI/2122/0002116,DST-0003,OUT-00180,SKU-0152,Secondary,26,1583.5,,,,,,,,,,,,
T-02,TXN01080372,2022-08-05,SI/2223/0017969,DST-0013,OUT-00769,SKU-0062,Secondary,13,730.35,,,,,,,,,,,,
T-02,TXN01080373,2021-12-06,SI/2122/0032258,DST-0091,OUT-05478,SKU-0067,Secondary,10,302.4,,,,,,,,,,,,
T-02,TXN01080374,2021-02-15,SI/2021/0006127,DST-0077,OUT-04740,SKU-0042,Secondary,41,5568.52,,,,,,,,,,,,
T-02,TXN01080375,2022-04-21,SI/2223/0003057,DST-0094,OUT-05665,SKU-0001,Secondary,23,667.07,,,,,,,,,,,,
T-02,TXN01080376,2023-07-17,SI/2324/0016553,DST-0059,OUT-03572,SKU-0042,Secondary,4,676.28,,,,,,,,,,,,
T-02,TXN01080377,2025-01-31,SI/2425/0054314,DST-0033,OUT-02026,SKU-0143,Secondary,14,2027.29,,,,,,,,,,,,
T-02,TXN01080378,2024-03-05,SI/2324/0055353,DST-0047,OUT-02920,SKU-0119,Secondary,13,2845.44,,,,,,,,,,,,
T-02,TXN01080379,2025-02-19,SI/2425/0058126,DST-0052,OUT-03292,SKU-0215,Secondary,41,5137.79,,,,,,,,,,,,
T-02,TXN01080380,2024-07-18,SI/2425/0018576,DST-0034,OUT-02090,SKU-0039,Secondary,5,1726.99,,,,,,,,,,,,
T-02,TXN01080381,2025-04-23,SI/2526/0004327,DST-0052,OUT-03290,SKU-0081,Secondary,150,1304.25,,,,,,,,,,,,
T-02,TXN01080382,2024-10-09,SI/2425/0033399,DST-0014,OUT-00825,SKU-0088,Secondary,23,552.65,,,,,,,,,,,,
T-02,TXN01080383,2024-03-09,SI/2324/0056249,DST-0002,OUT-00057,SKU-0037,Secondary,3,1039.97,,,,,,,,,,,,
T-02,TXN01080384,2024-06-12,SI/2425/0012631,DST-0047,OUT-02941,SKU-0144,Secondary,52,4054.53,,,,,,,,,,,,
T-02,TXN01080385,2022-09-26,SI/2223/0025885,DST-0100,OUT-06022,SKU-0099,Secondary,105,846.76,,,,,,,,,,,,
T-02,TXN01080386,2025-08-05,SI/2526/0023756,DST-0111,OUT-06760,SKU-0008,Secondary,12,653.03,,,,,,,,,,,,
T-02,TXN01080387,2024-01-04,SI/2324/0045584,DST-0046,OUT-02877,SKU-0162,Secondary,59,1193.4,,,,,,,,,,,,
T-02,TXN01080388,2023-04-20,SI/2324/0003254,DST-0022,OUT-01306,SKU-0139,Secondary,30,2285.4,,,,,,,,,,,,
T-02,TXN01080389,2021-10-13,SI/2122/0024375,DST-0056,OUT-03464,SKU-0141,Secondary,4,959.23,,,,,,,,,,,,
T-02,TXN01080390,2022-12-10,SI/2223/0038174,DST-0070,OUT-04288,SKU-0102,Secondary,103,1066.05,,,,,,,,,,,,
T-02,TXN01080391,2024-08-07,SI/2425/0021797,DST-0025,OUT-01476,SKU-0143,Secondary,15,2166.41,,,,,,,,,,,,
T-02,TXN01080392,2022-03-31,SI/2122/0048140,DST-0083,OUT-05048,SKU-0185,Secondary,10,470.79,,,,,,,,,,,,
T-02,TXN01080393,2024-02-17,SI/2324/0052871,DST-0090,OUT-05446,SKU-0044,Secondary,20,2953.28,,,,,,,,,,,,
T-02,TXN01080394,2024-03-08,SI/2324/0056239,DST-0111,OUT-06741,SKU-0159,Secondary,17,335.09,,,,,,,,,,,,
T-02,TXN01080395,2024-04-05,SI/2425/0001045,DST-0067,OUT-04099,SKU-0211,Secondary,11,1548.8,,,,,,,,,,,,
T-02,TXN01080396,2025-01-13,SI/2425/0051286,DST-0032,OUT-01965,SKU-0217,Secondary,19,5657.78,,,,,,,,,,,,
T-02,TXN01080397,2023-07-20,SI/2324/0017059,DST-0060,OUT-03675,SKU-0194,Secondary,32,1605.69,,,,,,,,,,,,
T-02,TXN01080398,2023-10-25,SI/2324/0033323,DST-0051,OUT-03212,SKU-0001,Secondary,137,3851.03,,,,,,,,,,,,
T-02,TXN01080399,2024-03-21,SI/2324/0058196,DST-0031,OUT-01915,SKU-0130,Secondary,39,788.86,,,,,,,,,,,,
T-02,TXN01080400,2024-09-04,SI/2425/0026582,DST-0014,OUT-00820,SKU-0046,Secondary,15,2463.86,,,,,,,,,,,,
T-02,TXN01080401,2021-03-18,SI/2021/0009897,DST-0008,OUT-00480,SKU-0143,Secondary,12,1450.11,,,,,,,,,,,,
T-02,TXN01080402,2024-12-06,SI/2425/0044878,DST-0095,OUT-05742,SKU-0185,Secondary,24,1211.41,,,,,,,,,,,,
T-02,TXN01080403,2022-10-12,SI/2223/0028800,DST-0091,OUT-05510,SKU-0023,Secondary,8,582.55,,,,,,,,,,,,
T-02,TXN01080404,2022-09-03,SI/2223/0022227,DST-0071,OUT-04322,SKU-0236,Secondary,2,584.41,,,,,,,,,,,,
T-02,TXN01080405,2024-07-26,SI/2425/0019861,DST-0067,OUT-04101,SKU-0033,Secondary,40,3023.87,,,,,,,,,,,,
T-02,TXN01080406,2025-01-16,SI/2425/0051926,DST-0025,OUT-01470,SKU-0001,Secondary,131,3968.48,,,,,,,,,,,,
T-02,TXN01080407,2025-12-16,SI/2526/0051692,DST-0073,OUT-04467,SKU-0195,Secondary,16,1674.31,,,,,,,,,,,,
T-02,TXN01080408,2025-06-24,SI/2526/0016000,DST-0044,OUT-02739,SKU-0122,Secondary,5,1170.0,,,,,,,,,,,,
T-02,TXN01080409,2024-10-18,SI/2425/0035186,DST-0018,OUT-01064,SKU-0156,Secondary,107,1925.55,,,,,,,,,,,,
T-02,TXN01080410,2023-06-15,SI/2324/0011860,DST-0098,OUT-05946,SKU-0082,Secondary,60,1420.44,,,,,,,,,,,,
T-02,TXN01080411,2023-03-20,SI/2223/0053330,DST-0074,OUT-04517,SKU-0115,Secondary,21,996.62,,,,,,,,,,,,
T-02,TXN01080412,2022-06-04,SI/2223/0009353,DST-0074,OUT-04546,SKU-0143,Secondary,7,898.79,,,,,,,,,,,,
T-02,TXN01080413,2023-04-12,SI/2324/0002091,DST-0084,OUT-05142,SKU-0181,Secondary,2,222.3,,,,,,,,,,,,
T-02,TXN01080414,2023-11-22,SI/2324/0038345,DST-0025,OUT-01476,SKU-0216,Secondary,18,2035.65,,,,,,,,,,,,
T-02,TXN01080415,2021-12-13,SI/2122/0033107,DST-0007,OUT-00384,SKU-0001,Secondary,13,360.86,,,,,,,,,,,,
T-02,TXN01080416,2023-06-27,SI/2324/0013371,DST-0109,OUT-06614,SKU-0221,Secondary,1,377.66,,,,,,,,,,,,
T-02,TXN01080417,2025-06-26,SI/2526/0016430,DST-0057,OUT-03517,SKU-0082,Secondary,19,501.1,,,,,,,,,,,,
T-02,TXN01080418,2024-08-17,SI/2425/0023688,DST-0077,OUT-04713,SKU-0115,Secondary,25,1242.85,,,,,,,,,,,,
T-02,TXN01080419,2023-03-31,SI/2223/0054909,DST-0023,OUT-01374,SKU-0122,Secondary,4,901.68,,,,,,,,,,,,
T-02,TXN01080420,2023-11-06,SI/2324/0035320,DST-0007,OUT-00435,SKU-0075,Secondary,7,913.28,,,,,,,,,,,,
T-02,TXN01080421,2023-12-21,SI/2324/0043427,DST-0005,OUT-00318,SKU-0050,Secondary,8,906.37,,,,,,,,,,,,
T-02,TXN01080422,2025-03-11,SI/2425/0061710,DST-0051,OUT-03177,SKU-0198,Secondary,31,4271.23,,,,,,,,,,,,
T-02,TXN01080423,2024-11-11,SI/2425/0039840,DST-0035,OUT-02162,SKU-0084,Secondary,42,336.26,,,,,,,,,,,,
T-02,TXN01080424,2022-03-07,SI/2122/0044828,DST-0069,OUT-04204,SKU-0146,Secondary,6,275.94,,,,,,,,,,,,
T-02,TXN01080425,2025-08-26,SI/2526/0027862,DST-0051,OUT-03204,SKU-0143,Secondary,4,590.86,,,,,,,,,,,,
T-02,TXN01080426,2025-10-27,SI/2526/0040661,DST-0032,OUT-01963,SKU-0159,Secondary,49,984.1,,,,,,,,,,,,
T-02,TXN01080427,2025-12-27,SI/2526/0053846,DST-0021,OUT-01260,SKU-0020,Secondary,5,920.4,,,,,,,,,,,,
T-02,TXN01080428,2021-12-21,SI/2122/0034279,DST-0090,OUT-05419,SKU-0236,Secondary,6,1543.37,,,,,,,,,,,,
T-02,TXN01080429,2021-12-15,SI/2122/0033488,DST-0023,OUT-01322,SKU-0122,Secondary,14,2797.2,,,,,,,,,,,,
T-02,TXN01080430,2025-02-07,SI/2425/0056011,DST-0039,OUT-02374,SKU-0146,Secondary,6,324.79,,,,,,,,,,,,
T-02,TXN01080431,2023-05-20,SI/2324/0007890,DST-0103,OUT-06223,SKU-0105,Secondary,41,1898.81,,,,,,,,,,,,
T-02,TXN01080432,2022-09-12,SI/2223/0023822,DST-0114,OUT-06919,SKU-0087,Secondary,50,377.8,,,,,,,,,,,,
T-02,TXN01080433,2025-07-15,SI/2526/0019991,DST-0095,OUT-05757,SKU-0013,Secondary,53,1801.95,,,,,,,,,,,,
T-02,TXN01080434,2025-11-03,SI/2526/0042313,DST-0108,OUT-06529,SKU-0195,Secondary,19,1891.87,,,,,,,,,,,,
T-02,TXN01080435,2022-01-12,SI/2122/0037309,DST-0009,OUT-00526,SKU-0038,Secondary,13,2293.57,,,,,,,,,,,,
T-02,TXN01080436,2024-10-26,SI/2425/0036633,DST-0024,OUT-01412,SKU-0175,Secondary,34,939.27,,,,,,,,,,,,
T-02,TXN01080437,2025-01-06,SI/2425/0049928,DST-0003,OUT-00155,SKU-0105,Secondary,14,681.87,,,,,,,,,,,,
T-02,TXN01080438,2025-06-28,SI/2526/0016862,DST-0081,OUT-04951,SKU-0133,Secondary,49,4065.72,,,,,,,,,,,,
T-02,TXN01080439,2025-10-10,SI/2526/0037295,DST-0016,OUT-00943,SKU-0115,Secondary,41,2053.85,,,,,,,,,,,,
T-02,TXN01080440,2021-10-08,SI/2122/0023633,DST-0027,OUT-01682,SKU-0046,Secondary,5,749.08,,,,,,,,,,,,
T-02,TXN01080441,2021-06-10,SI/2122/0007656,DST-0076,OUT-04649,SKU-0001,Secondary,113,2975.83,,,,,,,,,,,,
T-02,TXN01080442,2025-07-01,SI/2526/0017209,DST-0051,OUT-03199,SKU-0143,Secondary,4,600.22,,,,,,,,,,,,
T-02,TXN01080443,2023-01-18,SI/2223/0044011,DST-0060,OUT-03621,SKU-0068,Secondary,8,480.57,,,,,,,,,,,,
T-02,TXN01080444,2025-04-10,SI/2526/0002088,DST-0050,OUT-03157,SKU-0039,Secondary,3,1155.1,,,,,,,,,,,,
T-02,TXN01080445,2025-10-27,SI/2526/0040648,DST-0027,OUT-01660,SKU-0042,Secondary,4,692.84,,,,,,,,,,,,
T-02,TXN01080446,2025-10-09,SI/2526/0037076,DST-0027,OUT-01621,SKU-0067,Secondary,9,316.41,,,,,,,,,,,,
T-02,TXN01080447,2025-02-03,SI/2425/0054841,DST-0047,OUT-02906,SKU-0219,Secondary,6,1900.6,,,,,,,,,,,,
T-02,TXN01080448,2023-04-13,SI/2324/0002269,DST-0051,OUT-03195,SKU-0142,Secondary,27,2000.19,,,,,,,,,,,,
T-02,TXN01080449,2022-03-14,SI/2122/0045946,DST-0114,OUT-06919,SKU-0155,Secondary,24,762.89,,,,,,,,,,,,
T-02,TXN01080450,2024-04-23,SI/2425/0003990,DST-0080,OUT-04873,SKU-0059,Secondary,11,2634.81,,,,,,,,,,,,
T-02,TXN01080451,2021-12-10,SI/2122/0032959,DST-0104,OUT-06286,SKU-0143,Secondary,22,2501.16,,,,,,,,,,,,
T-02,TXN01080452,2024-03-28,SI/2324/0059259,DST-0031,OUT-01901,SKU-0224,Secondary,7,1292.66,,,,,,,,,,,,
T-02,TXN01080453,2025-03-20,SI/2425/0063569,DST-0085,OUT-05200,SKU-0197,Secondary,6,377.99,,,,,,,,,,,,
T-02,TXN01080454,2022-02-05,SI/2122/0040818,DST-0092,OUT-05526,SKU-0042,Secondary,14,2043.09,,,,,,,,,,,,
T-02,TXN01080455,2025-03-13,SI/2425/0062292,DST-0082,OUT-04959,SKU-0156,Secondary,43,895.52,,,,,,,,,,,,
T-02,TXN01080456,2024-03-20,SI/2324/0058136,DST-0116,OUT-06994,SKU-0068,Secondary,25,1588.12,,,,,,,,,,,,
T-02,TXN01080457,2021-06-09,SI/2122/0007471,DST-0006,OUT-00327,SKU-0146,Secondary,8,375.66,,,,,,,,,,,,
T-02,TXN01080458,2022-09-12,SI/2223/0023746,DST-0075,OUT-04577,SKU-0139,Secondary,16,1209.11,,,,,,,,,,,,
T-02,TXN01080459,2023-06-06,SI/2324/0010385,DST-0112,OUT-06774,SKU-0119,Secondary,7,1566.21,,,,,,,,,,,,
T-02,TXN01080460,2024-05-11,SI/2425/0007118,DST-0043,OUT-02660,SKU-0079,Secondary,4,1030.88,,,,,,,,,,,,
T-02,TXN01080461,2022-10-10,SI/2223/0028348,DST-0070,OUT-04305,SKU-0185,Secondary,29,1382.21,,,,,,,,,,,,
T-02,TXN01080462,2022-09-07,SI/2223/0023062,DST-0090,OUT-05439,SKU-0211,Secondary,14,1660.23,,,,,,,,,,,,
T-02,TXN01080463,2023-07-06,SI/2324/0014691,DST-0002,OUT-00088,SKU-0214,Secondary,19,1413.21,,,,,,,,,,,,
T-02,TXN01080464,2024-06-26,SI/2425/0014924,DST-0091,OUT-05509,SKU-0144,Secondary,9,696.22,,,,,,,,,,,,
T-02,TXN01080465,2023-06-21,SI/2324/0012509,DST-0019,OUT-01131,SKU-0119,Secondary,6,1360.7,,,,,,,,,,,,
T-02,TXN01080466,2025-08-30,SI/2526/0028608,DST-0002,OUT-00058,SKU-0212,Secondary,90,7063.76,,,,,,,,,,,,
T-02,TXN01080467,2022-07-19,SI/2223/0015693,DST-0090,OUT-05419,SKU-0186,Secondary,54,4584.44,,,,,,,,,,,,
T-02,TXN01080468,2025-08-09,SI/2526/0024727,DST-0071,OUT-04324,SKU-0047,Secondary,2,612.89,,,,,,,,,,,,
T-02,TXN01080469,2024-10-31,SI/2425/0037551,DST-0039,OUT-02384,SKU-0081,Secondary,259,1951.97,,,,,,,,,,,,
T-02,TXN01080470,2022-07-09,SI/2223/0014437,DST-0065,OUT-03915,SKU-0044,Secondary,11,1718.41,,,,,,,,,,,,
T-02,TXN01080471,2021-02-09,SI/2021/0005289,DST-0032,OUT-01942,SKU-0035,Secondary,4,881.96,,,,,,,,,,,,
T-02,TXN01080472,2024-07-10,SI/2425/0017302,DST-0072,OUT-04381,SKU-0200,Secondary,12,755.98,,,,,,,,,,,,
T-02,TXN01080473,2024-01-20,SI/2324/0048377,DST-0102,OUT-06131,SKU-0050,Secondary,5,559.18,,,,,,,,,,,,
T-02,TXN01080474,2023-06-03,SI/2324/0009733,DST-0024,OUT-01418,SKU-0060,Secondary,2,868.27,,,,,,,,,,,,
T-02,TXN01080475,2024-05-24,SI/2425/0009192,DST-0029,OUT-01809,SKU-0139,Secondary,9,741.87,,,,,,,,,,,,
T-02,TXN01080476,2024-07-01,SI/2425/0015521,DST-0003,OUT-00150,SKU-0048,Secondary,3,500.94,,,,,,,,,,,,
T-02,TXN01080477,2024-03-14,SI/2324/0057137,DST-0052,OUT-03260,SKU-0042,Secondary,4,676.28,,,,,,,,,,,,
T-03,TXN00007512,2021-01-14,SI/2021/0001966,DST-0107,OUT-06471,,Secondary,23,2521.5,,,,,,,,,,,,
T-03,TXN00049169,2021-04-07,SI/2122/0000920,DST-0062,OUT-03797,,Secondary,2,301.96,,,,,,,,,,,,
T-03,TXN00066286,2021-05-21,SI/2122/0005531,DST-0099,OUT-05963,,Secondary,10,1998.0,,,,,,,,,,,,
T-03,TXN00070304,2021-06-03,SI/2122/0006585,DST-0002,OUT-00092,,Secondary,5,1541.48,,,,,,,,,,,,
T-03,TXN00078667,2021-06-19,SI/2122/0008657,DST-0040,OUT-02461,,Secondary,9,2856.06,,,,,,,,,,,,
T-03,TXN00081037,2021-06-28,SI/2122/0009489,DST-0035,OUT-02133,,Secondary,22,391.95,,,,,,,,,,,,
T-03,TXN00088271,2021-07-13,SI/2122/0011461,DST-0034,OUT-02081,,Secondary,20,1272.1,,,,,,,,,,,,
T-03,TXN00094006,2021-07-26,SI/2122/0013030,DST-0077,OUT-04704,,Secondary,7,482.19,,,,,,,,,,,,
T-03,TXN00196708,2022-02-08,SI/2122/0041222,DST-0090,OUT-05419,,Secondary,22,1737.33,,,,,,,,,,,,
T-03,TXN00222249,2022-03-31,SI/2122/0048165,DST-0104,OUT-06236,,Secondary,1,263.4,,,,,,,,,,,,
T-03,TXN00228376,2022-04-11,SI/2223/0001510,DST-0032,OUT-01988,,Secondary,31,4086.95,,,,,,,,,,,,
T-03,TXN00298067,2022-08-22,SI/2223/0020459,DST-0084,OUT-05130,,Secondary,40,2733.02,,,,,,,,,,,,
T-03,TXN00322945,2022-10-04,SI/2223/0027142,DST-0089,OUT-05384,,Secondary,21,1205.94,,,,,,,,,,,,
T-03,TXN00446498,2023-05-08,SI/2324/0005983,DST-0074,OUT-04523,,Secondary,7,417.65,,,,,,,,,,,,
T-03,TXN00535210,2023-10-06,SI/2324/0029845,DST-0017,OUT-01018,,Secondary,15,2074.83,,,,,,,,,,,,
T-03,TXN00542789,2023-10-17,SI/2324/0031915,DST-0044,OUT-02741,,Secondary,7,1015.3,,,,,,,,,,,,
T-03,TXN00594907,2024-01-06,SI/2324/0046239,DST-0110,OUT-06693,,Secondary,4,733.41,,,,,,,,,,,,
T-03,TXN00597548,2024-01-12,SI/2324/0047136,DST-0104,OUT-06290,,Secondary,23,1106.94,,,,,,,,,,,,
T-03,TXN00600813,2024-01-17,SI/2324/0047770,DST-0038,OUT-02313,,Secondary,2,999.5,,,,,,,,,,,,
T-03,TXN00614498,2024-02-10,SI/2324/0051830,DST-0089,OUT-05374,,Secondary,28,4477.1,,,,,,,,,,,,
T-03,TXN00625583,2024-03-02,SI/2324/0054802,DST-0021,OUT-01255,,Secondary,27,3159.04,,,,,,,,,,,,
T-03,TXN00674130,2024-05-16,SI/2425/0007900,DST-0016,OUT-00916,,Secondary,223,1804.44,,,,,,,,,,,,
T-03,TXN00675795,2024-05-20,SI/2425/0008445,DST-0044,OUT-02773,,Secondary,16,2225.93,,,,,,,,,,,,
T-03,TXN00697540,2024-06-21,SI/2425/0014223,DST-0070,OUT-04310,,Secondary,25,1889.92,,,,,,,,,,,,
T-03,TXN00736427,2024-08-26,SI/2425/0024975,DST-0039,OUT-02404,,Secondary,5,264.33,,,,,,,,,,,,
T-03,TXN00776042,2024-10-21,SI/2425/0035671,DST-0052,OUT-03267,,Secondary,31,2330.26,,,,,,,,,,,,
T-03,TXN00790252,2024-11-09,SI/2425/0039779,DST-0115,OUT-06984,,Secondary,15,957.21,,,,,,,,,,,,
T-03,TXN00800225,2024-11-25,SI/2425/0042566,DST-0059,OUT-03571,,Secondary,83,711.52,,,,,,,,,,,,
T-03,TXN00848902,2025-02-06,SI/2425/0055791,DST-0071,OUT-04363,,Secondary,1,221.95,,,,,,,,,,,,
T-03,TXN00859570,2025-02-24,SI/2425/0058930,DST-0096,OUT-05822,,Secondary,3,1132.64,,,,,,,,,,,,
T-03,TXN00876346,2025-03-18,SI/2425/0063094,DST-0067,OUT-04052,,Secondary,151,1186.38,,,,,,,,,,,,
T-03,TXN00885273,2025-04-03,SI/2526/0000382,DST-0002,OUT-00068,,Secondary,60,4303.42,,,,,,,,,,,,
T-03,TXN00927703,2025-06-04,SI/2526/0012076,DST-0042,OUT-02591,,Secondary,4,417.51,,,,,,,,,,,,
T-03,TXN01019413,2025-10-10,SI/2526/0037352,DST-0044,OUT-02752,,Secondary,38,4700.45,,,,,,,,,,,,
T-03,TXN01030139,2025-10-25,SI/2526/0040431,DST-0025,OUT-01540,,Secondary,6,475.84,,,,,,,,,,,,
T-03,TXN01040099,2025-11-06,SI/2526/0043158,DST-0040,OUT-02453,,Secondary,35,2809.2,,,,,,,,,,,,
T-03,TXN01045067,2025-11-13,SI/2526/0044864,DST-0027,OUT-01617,,Secondary,29,1027.69,,,,,,,,,,,,
T-03,TXN01059776,2025-12-03,SI/2526/0048862,DST-0013,OUT-00768,,Secondary,42,2258.25,,,,,,,,,,,,
T-03,TXN01064040,2025-12-06,SI/2526/0049870,DST-0070,OUT-04290,,Secondary,3,1302.58,,,,,,,,,,,,
T-03,TXN01076031,2025-12-24,SI/2526/0053258,DST-0073,OUT-04487,,Secondary,3,457.18,,,,,,,,,,,,
T-04,TXN00035280,2021-03-09,SI/2021/0008794,DST-0007,,SKU-0162,Secondary,33,575.65,,,,,,,,,,,,
T-04,TXN00064749,2021-05-17,SI/2122/0005008,DST-0016,,SKU-0106,Secondary,4,406.29,,,,,,,,,,,,
T-04,TXN00066744,2021-05-24,SI/2122/0005682,DST-0057,,SKU-0195,Secondary,5,440.45,,,,,,,,,,,,
T-04,TXN00192506,2022-02-02,SI/2122/0040182,DST-0108,,SKU-0226,Secondary,9,764.78,,,,,,,,,,,,
T-04,TXN00197662,2022-02-10,SI/2122/0041533,DST-0067,,SKU-0033,Secondary,7,495.28,,,,,,,,,,,,
T-04,TXN00210625,2022-03-07,SI/2122/0044780,DST-0044,,SKU-0195,Secondary,26,2111.05,,,,,,,,,,,,
T-04,TXN00259800,2022-06-08,SI/2223/0010037,DST-0115,,SKU-0200,Secondary,9,514.44,,,,,,,,,,,,
T-04,TXN00266721,2022-06-21,SI/2223/0011767,DST-0088,,SKU-0119,Secondary,12,2559.38,,,,,,,,,,,,
T-04,TXN00267486,2022-06-23,SI/2223/0012019,DST-0034,,SKU-0122,Secondary,6,1300.5,,,,,,,,,,,,
T-04,TXN00315973,2022-09-21,SI/2223/0025213,DST-0090,,SKU-0221,Secondary,12,4105.16,,,,,,,,,,,,
T-04,TXN00336447,2022-10-27,SI/2223/0031060,DST-0018,,SKU-0216,Secondary,47,4982.67,,,,,,,,,,,,
T-04,TXN00380174,2023-01-12,SI/2223/0043033,DST-0008,,SKU-0037,Secondary,2,686.44,,,,,,,,,,,,
T-04,TXN00392349,2023-02-03,SI/2223/0046415,DST-0027,,SKU-0042,Secondary,3,484.82,,,,,,,,,,,,
T-04,TXN00442752,2023-05-03,SI/2324/0004986,DST-0025,,SKU-0020,Secondary,7,1183.48,,,,,,,,,,,,
T-04,TXN00448239,2023-05-12,SI/2324/0006580,DST-0002,,SKU-0211,Secondary,35,4365.77,,,,,,,,,,,,
T-04,TXN00491745,2023-07-29,SI/2324/0018357,DST-0071,,SKU-0075,Secondary,5,642.2,,,,,,,,,,,,
T-04,TXN00510565,2023-09-01,SI/2324/0023652,DST-0045,,SKU-0195,Secondary,6,586.0,,,,,,,,,,,,
T-04,TXN00578381,2023-12-12,SI/2324/0041908,DST-0043,,SKU-0030,Secondary,8,644.12,,,,,,,,,,,,
T-04,TXN00657816,2024-04-20,SI/2425/0003594,DST-0025,,SKU-0194,Secondary,63,3241.95,,,,,,,,,,,,
T-04,TXN00668405,2024-05-08,SI/2425/0006526,DST-0013,,SKU-0137,Secondary,15,2141.62,,,,,,,,,,,,
T-04,TXN00696571,2024-06-19,SI/2425/0013905,DST-0115,,SKU-0175,Secondary,10,295.39,,,,,,,,,,,,
T-04,TXN00717035,2024-07-25,SI/2425/0019632,DST-0034,,SKU-0143,Secondary,12,1728.58,,,,,,,,,,,,
T-04,TXN00720222,2024-08-01,SI/2425/0020709,DST-0077,,SKU-0109,Secondary,8,928.79,,,,,,,,,,,,
T-04,TXN00781707,2024-10-31,SI/2425/0037538,DST-0034,,SKU-0042,Secondary,14,2089.97,,,,,,,,,,,,
T-04,TXN00798754,2024-11-22,SI/2425/0042078,DST-0004,,SKU-0037,Secondary,2,752.72,,,,,,,,,,,,
T-04,TXN00839124,2025-01-23,SI/2425/0053092,DST-0070,,SKU-0056,Secondary,6,2598.99,,,,,,,,,,,,
T-04,TXN00842115,2025-01-30,SI/2425/0054107,DST-0030,,SKU-0184,Secondary,4,851.4,,,,,,,,,,,,
T-04,TXN00858491,2025-02-21,SI/2425/0058552,DST-0070,,SKU-0236,Secondary,4,1283.53,,,,,,,,,,,,
T-04,TXN00880774,2025-03-26,SI/2425/0064578,DST-0105,,SKU-0121,Secondary,26,1348.31,,,,,,,,,,,,
T-04,TXN00938809,2025-06-17,SI/2526/0014877,DST-0093,,SKU-0046,Secondary,6,1067.28,,,,,,,,,,,,
T-04,TXN00941525,2025-06-23,SI/2526/0015778,DST-0032,,SKU-0180,Secondary,63,4949.82,,,,,,,,,,,,
T-04,TXN00981213,2025-08-20,SI/2526/0026812,DST-0042,,SKU-0008,Secondary,44,2223.42,,,,,,,,,,,,
T-04,TXN01019239,2025-10-10,SI/2526/0037288,DST-0012,,SKU-0075,Secondary,5,695.04,,,,,,,,,,,,
T-04,TXN01041859,2025-11-08,SI/2526/0043786,DST-0036,,SKU-0198,Secondary,8,1106.9,,,,,,,,,,,,
T-04,TXN01066905,2025-12-11,SI/2526/0050824,DST-0090,,SKU-0211,Secondary,22,2898.1,,,,,,,,,,,,
T-05,TXN00003415,2021-01-05,SI/2021/0000480,,OUT-01557,SKU-0078,Secondary,22,2360.6,,,,,,,,,,,,
T-05,TXN00011596,2021-01-22,SI/2021/0002845,,OUT-04642,SKU-0190,Secondary,10,1792.26,,,,,,,,,,,,
T-05,TXN00012531,2021-01-26,SI/2021/0003182,,OUT-02259,SKU-0143,Secondary,6,721.32,,,,,,,,,,,,
T-05,TXN00012725,2021-01-26,SI/2021/0003243,,OUT-05416,SKU-0124,Secondary,8,336.16,,,,,,,,,,,,
T-05,TXN00031389,2021-03-03,SI/2021/0007842,,OUT-00332,SKU-0037,Secondary,4,1188.94,,,,,,,,,,,,
T-05,TXN00036326,2021-03-11,SI/2021/0009148,,OUT-06064,SKU-0079,Secondary,18,3618.72,,,,,,,,,,,,
T-05,TXN00051584,2021-04-14,SI/2122/0001725,,OUT-05148,SKU-0159,Secondary,97,1687.74,,,,,,,,,,,,
T-05,TXN00059445,2021-05-04,SI/2122/0003620,,OUT-01520,SKU-0078,Secondary,8,910.83,,,,,,,,,,,,
T-05,TXN00100627,2021-08-07,SI/2122/0014733,,OUT-02463,SKU-0032,Secondary,8,1927.74,,,,,,,,,,,,
T-05,TXN00119169,2021-09-13,SI/2122/0019942,,OUT-06477,SKU-0156,Secondary,92,1634.8,,,,,,,,,,,,
T-05,TXN00144874,2021-11-02,PI/2122/0001540,,,SKU-0043,Primary,27,6627.44,,,,,,,,,,,,
T-05,TXN00161511,2021-12-02,SI/2122/0031636,,OUT-01598,SKU-0146,Secondary,73,3339.56,,,,,,,,,,,,
T-05,TXN00162651,2021-12-03,SI/2122/0031863,,OUT-05959,SKU-0185,Secondary,6,275.21,,,,,,,,,,,,
T-05,TXN00172922,2021-12-23,SI/2122/0034472,,OUT-00090,SKU-0075,Secondary,12,1355.38,,,,,,,,,,,,
T-05,TXN00192016,2022-02-02,SI/2122/0039997,,OUT-00076,SKU-0119,Secondary,7,1398.6,,,,,,,,,,,,
T-05,TXN00192317,2022-02-02,SI/2122/0040112,,OUT-04260,SKU-0131,Secondary,4,282.28,,,,,,,,,,,,
T-05,TXN00234338,2022-04-22,SI/2223/0003101,,OUT-00350,SKU-0139,Secondary,5,384.7,,,,,,,,,,,,
T-05,TXN00235835,2022-04-26,SI/2223/0003624,,OUT-05890,SKU-0061,Secondary,21,680.4,,,,,,,,,,,,
T-05,TXN00253827,2022-06-01,SI/2223/0008745,,OUT-04451,SKU-0102,Secondary,73,843.15,,,,,,,,,,,,
T-05,TXN00260551,2022-06-10,SI/2223/0010290,,OUT-04301,SKU-0228,Secondary,24,1986.02,,,,,,,,,,,,
T-05,TXN00287234,2022-08-03,PI/2223/0000937,,,SKU-0033,Primary,138,9768.9,,,,,,,,,,,,
T-05,TXN00325927,2022-10-07,SI/2223/0028028,,OUT-05627,SKU-0081,Secondary,79,593.83,,,,,,,,,,,,
T-05,TXN00337398,2022-10-28,SI/2223/0031388,,OUT-07003,SKU-0079,Secondary,3,716.98,,,,,,,,,,,,
T-05,TXN00339234,2022-11-02,PI/2223/0001588,,,SKU-0142,Primary,6,414.44,,,,,,,,,,,,
T-05,TXN00340627,2022-11-03,SI/2223/0032191,,OUT-03805,SKU-0222,Secondary,6,1248.08,,,,,,,,,,,,
T-05,TXN00351654,2022-11-21,SI/2223/0035182,,OUT-06004,SKU-0186,Secondary,5,455.49,,,,,,,,,,,,
T-05,TXN00359507,2022-12-05,SI/2223/0037126,,OUT-04517,SKU-0139,Secondary,4,308.54,,,,,,,,,,,,
T-05,TXN00365393,2022-12-15,PI/2223/0001959,,,SKU-0055,Primary,36,7269.72,,,,,,,,,,,,
T-05,TXN00367985,2022-12-19,SI/2223/0039409,,OUT-05010,SKU-0060,Secondary,1,399.99,,,,,,,,,,,,
T-05,TXN00369182,2022-12-22,SI/2223/0039801,,OUT-00067,SKU-0059,Secondary,6,1175.78,,,,,,,,,,,,
T-05,TXN00370269,2022-12-24,SI/2223/0040175,,OUT-03028,SKU-0143,Secondary,10,1311.75,,,,,,,,,,,,
T-05,TXN00371569,2022-12-27,SI/2223/0040622,,OUT-07134,SKU-0209,Secondary,5,365.12,,,,,,,,,,,,
T-05,TXN00376339,2023-01-05,PI/2223/0002109,,,SKU-0171,Primary,12,256.08,,,,,,,,,,,,
T-05,TXN00405991,2023-03-01,SI/2223/0050294,,OUT-03467,SKU-0084,Secondary,36,272.01,,,,,,,,,,,,
T-05,TXN00409783,2023-03-06,PI/2223/0002563,,,SKU-0093,Primary,1368,10019.71,,,,,,,,,,,,
T-05,TXN00442834,2023-05-03,SI/2324/0005016,,OUT-02736,SKU-0042,Secondary,17,2577.13,,,,,,,,,,,,
T-05,TXN00444467,2023-05-05,PI/2324/0000318,,,SKU-0118,Primary,468,21546.84,,,,,,,,,,,,
T-05,TXN00467960,2023-06-15,PI/2324/0000619,,,SKU-0115,Primary,168,7655.63,,,,,,,,,,,,
T-05,TXN00476038,2023-07-03,PI/2324/0000699,,,SKU-0102,Primary,456,4933.56,,,,,,,,,,,,
T-05,TXN00500953,2023-08-14,SI/2324/0020892,,OUT-04760,SKU-0118,Secondary,12,602.11,,,,,,,,,,,,
T-05,TXN00501181,2023-08-14,SI/2324/0020972,,OUT-07096,SKU-0166,Secondary,21,906.53,,,,,,,,,,,,
T-05,TXN00503160,2023-08-16,SI/2324/0021136,,OUT-00330,SKU-0143,Secondary,9,1228.56,,,,,,,,,,,,
T-05,TXN00525022,2023-09-20,SI/2324/0027100,,OUT-01641,SKU-0175,Secondary,47,1207.3,,,,,,,,,,,,
T-05,TXN00575081,2023-12-06,SI/2324/0040820,,OUT-02009,SKU-0118,Secondary,24,1152.0,,,,,,,,,,,,
T-05,TXN00595980,2024-01-09,SI/2324/0046595,,OUT-07169,SKU-0122,Secondary,6,1375.3,,,,,,,,,,,,
T-05,TXN00612973,2024-02-07,SI/2324/0051317,,OUT-06975,SKU-0195,Secondary,8,773.36,,,,,,,,,,,,
T-05,TXN00616697,2024-02-15,PI/2324/0002420,,,SKU-0001,Primary,168,4755.38,,,,,,,,,,,,
T-05,TXN00636172,2024-03-15,PI/2324/0002722,,,SKU-0012,Primary,6,1017.38,,,,,,,,,,,,
T-05,TXN00637205,2024-03-16,SI/2324/0057442,,OUT-00237,SKU-0075,Secondary,6,786.86,,,,,,,,,,,,
T-05,TXN00641276,2024-03-26,SI/2324/0058847,,OUT-00298,SKU-0084,Secondary,128,1049.4,,,,,,,,,,,,
T-05,TXN00644133,2024-04-01,SI/2425/0000082,,OUT-04442,SKU-0090,Secondary,71,569.96,,,,,,,,,,,,
T-05,TXN00679446,2024-05-28,SI/2425/0009677,,OUT-00536,SKU-0019,Secondary,6,1605.95,,,,,,,,,,,,
T-05,TXN00712437,2024-07-15,SI/2425/0018095,,OUT-03266,SKU-0156,Secondary,133,2563.89,,,,,,,,,,,,
T-05,TXN00717363,2024-07-25,SI/2425/0019756,,OUT-07133,SKU-0195,Secondary,11,1103.22,,,,,,,,,,,,
T-05,TXN00720169,2024-08-01,SI/2425/0020691,,OUT-03947,SKU-0143,Secondary,6,880.21,,,,,,,,,,,,
T-05,TXN00739240,2024-08-31,SI/2425/0025951,,OUT-04290,SKU-0212,Secondary,26,1866.4,,,,,,,,,,,,
T-05,TXN00767177,2024-10-08,SI/2425/0033221,,OUT-02739,SKU-0016,Secondary,27,3973.65,,,,,,,,,,,,
T-05,TXN00826202,2025-01-03,SI/2425/0049523,,OUT-00945,SKU-0070,Secondary,2,527.68,,,,,,,,,,,,
T-05,TXN00828498,2025-01-06,SI/2425/0050019,,OUT-02343,SKU-0036,Secondary,2,423.53,,,,,,,,,,,,
T-05,TXN00834936,2025-01-15,PI/2425/0002338,,,SKU-0137,Primary,12,1687.54,,,,,,,,,,,,
T-05,TXN00834982,2025-01-15,PI/2425/0002341,,,SKU-0165,Primary,120,2340.32,,,,,,,,,,,,
T-05,TXN00851537,2025-02-11,SI/2425/0056705,,OUT-03420,SKU-0218,Secondary,6,719.79,,,,,,,,,,,,
T-05,TXN00867314,2025-03-06,SI/2425/0060692,,OUT-00396,SKU-0055,Secondary,2,500.54,,,,,,,,,,,,
T-05,TXN00873963,2025-03-15,PI/2425/0002765,,,SKU-0159,Primary,24,456.27,,,,,,,,,,,,
T-05,TXN00889825,2025-04-08,SI/2526/0001645,,OUT-02182,SKU-0060,Secondary,2,935.37,,,,,,,,,,,,
T-05,TXN00891802,2025-04-11,SI/2526/0002304,,OUT-03161,SKU-0048,Secondary,8,1437.98,,,,,,,,,,,,
T-05,TXN00928435,2025-06-05,PI/2526/0000569,,,SKU-0171,Primary,168,4035.17,,,,,,,,,,,,
T-05,TXN00931175,2025-06-07,SI/2526/0013029,,OUT-04990,SKU-0033,Secondary,26,2203.22,,,,,,,,,,,,
T-05,TXN00954808,2025-07-14,SI/2526/0019641,,OUT-01966,SKU-0070,Secondary,16,4121.6,,,,,,,,,,,,
T-05,TXN00965877,2025-08-01,SI/2526/0022845,,OUT-02332,SKU-0057,Secondary,1,255.25,,,,,,,,,,,,
T-05,TXN00974711,2025-08-12,SI/2526/0025179,,OUT-03344,SKU-0228,Secondary,8,826.48,,,,,,,,,,,,
T-05,TXN00984778,2025-08-27,SI/2526/0028000,,OUT-00104,SKU-0016,Secondary,4,635.32,,,,,,,,,,,,
T-05,TXN01015134,2025-10-04,SI/2526/0036094,,OUT-06804,SKU-0146,Secondary,20,1107.07,,,,,,,,,,,,
T-05,TXN01040477,2025-11-06,SI/2526/0043306,,OUT-05157,SKU-0200,Secondary,27,1535.81,,,,,,,,,,,,
T-05,TXN01071840,2025-12-17,SI/2526/0051809,,OUT-01097,SKU-0109,Secondary,9,1087.67,,,,,,,,,,,,
T-06,TXN00006341,2021-01-12,SI/2021/0001547,DST-9999,OUT-03204,SKU-0050,Secondary,5,475.0,,,,,,,,,,,,
T-06,TXN00014659,2021-02-01,SI/2021/0003934,DST-9999,OUT-04856,SKU-0047,Secondary,1,248.66,,,,,,,,,,,,
T-06,TXN00144874,2021-11-02,PI/2122/0001540,,,SKU-0043,Primary,27,6627.44,,,,,,,,,,,,
T-06,TXN00182002,2022-01-10,SI/2122/0037105,DST-9999,OUT-06356,SKU-0012,Secondary,17,2624.83,,,,,,,,,,,,
T-06,TXN00234872,2022-04-23,SI/2223/0003295,DST-9999,OUT-03530,SKU-0067,Secondary,19,612.39,,,,,,,,,,,,
T-06,TXN00265310,2022-06-17,SI/2223/0011291,DST-9999,OUT-03509,SKU-0134,Secondary,7,932.12,,,,,,,,,,,,
T-06,TXN00287234,2022-08-03,PI/2223/0000937,,,SKU-0033,Primary,138,9768.9,,,,,,,,,,,,
T-06,TXN00339234,2022-11-02,PI/2223/0001588,,,SKU-0142,Primary,6,414.44,,,,,,,,,,,,
T-06,TXN00365393,2022-12-15,PI/2223/0001959,,,SKU-0055,Primary,36,7269.72,,,,,,,,,,,,
T-06,TXN00369405,2022-12-22,SI/2223/0039866,DST-9999,OUT-02453,SKU-0097,Secondary,52,1976.52,,,,,,,,,,,,
T-06,TXN00376339,2023-01-05,PI/2223/0002109,,,SKU-0171,Primary,12,256.08,,,,,,,,,,,,
T-06,TXN00403294,2023-02-22,SI/2223/0049370,DST-9999,OUT-01041,SKU-0016,Secondary,30,3933.2,,,,,,,,,,,,
T-06,TXN00409783,2023-03-06,PI/2223/0002563,,,SKU-0093,Primary,1368,10019.71,,,,,,,,,,,,
T-06,TXN00444467,2023-05-05,PI/2324/0000318,,,SKU-0118,Primary,468,21546.84,,,,,,,,,,,,
T-06,TXN00467960,2023-06-15,PI/2324/0000619,,,SKU-0115,Primary,168,7655.63,,,,,,,,,,,,
T-06,TXN00476038,2023-07-03,PI/2324/0000699,,,SKU-0102,Primary,456,4933.56,,,,,,,,,,,,
T-06,TXN00519107,2023-09-12,SI/2324/0025787,DST-9999,OUT-05231,SKU-0042,Secondary,5,840.98,,,,,,,,,,,,
T-06,TXN00529422,2023-09-29,SI/2324/0028551,DST-9999,OUT-03974,SKU-0209,Secondary,17,1323.14,,,,,,,,,,,,
T-06,TXN00536589,2023-10-07,SI/2324/0030331,DST-9999,OUT-06882,SKU-0162,Secondary,24,468.12,,,,,,,,,,,,
T-06,TXN00554210,2023-11-04,SI/2324/0035276,DST-9999,OUT-06582,SKU-0009,Secondary,2,363.83,,,,,,,,,,,,
T-06,TXN00616697,2024-02-15,PI/2324/0002420,,,SKU-0001,Primary,168,4755.38,,,,,,,,,,,,
T-06,TXN00619745,2024-02-20,SI/2324/0053087,DST-9999,OUT-00022,SKU-0166,Secondary,21,911.31,,,,,,,,,,,,
T-06,TXN00621559,2024-02-23,SI/2324/0053687,DST-9999,OUT-03160,SKU-0228,Secondary,21,1894.04,,,,,,,,,,,,
T-06,TXN00636172,2024-03-15,PI/2324/0002722,,,SKU-0012,Primary,6,1017.38,,,,,,,,,,,,
T-06,TXN00707963,2024-07-09,SI/2425/0017113,DST-9999,OUT-03239,SKU-0214,Secondary,17,1277.65,,,,,,,,,,,,
T-06,TXN00781865,2024-10-31,SI/2425/0037599,DST-9999,OUT-03949,SKU-0079,Secondary,10,2488.8,,,,,,,,,,,,
T-06,TXN00834936,2025-01-15,PI/2425/0002338,,,SKU-0137,Primary,12,1687.54,,,,,,,,,,,,
T-06,TXN00834982,2025-01-15,PI/2425/0002341,,,SKU-0165,Primary,120,2340.32,,,,,,,,,,,,
T-06,TXN00873963,2025-03-15,PI/2425/0002765,,,SKU-0159,Primary,24,456.27,,,,,,,,,,,,
T-06,TXN00876569,2025-03-18,SI/2425/0063171,DST-9999,OUT-06762,SKU-0048,Secondary,2,352.11,,,,,,,,,,,,
T-06,TXN00897186,2025-04-18,SI/2526/0003615,DST-9999,OUT-05030,SKU-0156,Secondary,73,1582.92,,,,,,,,,,,,
T-06,TXN00908534,2025-05-06,SI/2526/0006715,DST-9999,OUT-05112,SKU-0024,Secondary,7,1392.09,,,,,,,,,,,,
T-06,TXN00928435,2025-06-05,PI/2526/0000569,,,SKU-0171,Primary,168,4035.17,,,,,,,,,,,,
T-06,TXN00982072,2025-08-21,SI/2526/0027088,DST-9999,OUT-03314,SKU-0185,Secondary,12,669.43,,,,,,,,,,,,
T-06,TXN01018013,2025-10-08,SI/2526/0036890,DST-9999,OUT-02737,SKU-0068,Secondary,21,1339.85,,,,,,,,,,,,
T-07,TXN00006545,2021-01-12,SI/2021/0001611,DST-0095,OUT-05725,SKU-0165,Secondary,-248,-4050.21,,,,,,,,,,,,
T-07,TXN00011779,2021-01-23,SI/2021/0002921,DST-0032,OUT-01956,SKU-0078,Secondary,-26,-2646.54,,,,,,,,,,,,
T-07,TXN00055104,2021-04-22,SI/2122/0002496,DST-0038,OUT-02300,SKU-0057,Secondary,-1,-213.34,,,,,,,,,,,,
T-07,TXN00152147,2021-11-12,SI/2122/0029063,DST-0085,OUT-05207,SKU-0119,Secondary,-2,-408.24,,,,,,,,,,,,
T-07,TXN00166658,2021-12-10,SI/2122/0032900,DST-0042,OUT-02638,SKU-0167,Secondary,-18,-1323.3,,,,,,,,,,,,
T-07,TXN00188084,2022-01-24,SI/2122/0038788,DST-0003,OUT-00156,SKU-0061,Secondary,-13,-397.22,,,,,,,,,,,,
T-07,TXN00202921,2022-02-21,SI/2122/0042896,DST-0074,OUT-04518,SKU-0043,Secondary,-11,-2800.09,,,,,,,,,,,,
T-07,TXN00296702,2022-08-18,SI/2223/0020001,DST-0083,OUT-05045,SKU-0159,Secondary,-22,-419.83,,,,,,,,,,,,
T-07,TXN00338428,2022-11-01,SI/2223/0031728,DST-0008,OUT-00502,SKU-0037,Secondary,-1,-335.24,,,,,,,,,,,,
T-07,TXN00411505,2023-03-07,SI/2223/0051439,DST-0096,OUT-05803,SKU-0185,Secondary,-26,-1249.22,,,,,,,,,,,,
T-07,TXN00462679,2023-06-06,SI/2324/0010192,DST-0026,OUT-01568,SKU-0222,Secondary,-2,-445.23,,,,,,,,,,,,
T-07,TXN00482899,2023-07-12,SI/2324/0015853,DST-0094,OUT-05706,SKU-0185,Secondary,-38,-1901.61,,,,,,,,,,,,
T-07,TXN00608589,2024-02-02,SI/2324/0050234,DST-0070,OUT-04299,SKU-0133,Secondary,-51,-3843.07,,,,,,,,,,,,
T-07,TXN00639470,2024-03-21,SI/2324/0058218,DST-0040,OUT-02478,SKU-0031,Secondary,-4,-633.59,,,,,,,,,,,,
T-07,TXN00644956,2024-04-02,SI/2425/0000204,DST-0032,OUT-01940,SKU-0067,Secondary,-187,-6511.46,,,,,,,,,,,,
T-07,TXN00646303,2024-04-03,SI/2425/0000531,DST-0090,OUT-05432,SKU-0118,Secondary,-38,-1868.76,,,,,,,,,,,,
T-07,TXN00676408,2024-05-21,SI/2425/0008648,DST-0051,OUT-03200,SKU-0053,Secondary,-13,-3171.38,,,,,,,,,,,,
T-07,TXN00740120,2024-09-02,SI/2425/0026027,DST-0003,OUT-00146,SKU-0122,Secondary,-2,-489.17,,,,,,,,,,,,
T-07,TXN00783784,2024-11-02,SI/2425/0038058,DST-0089,OUT-05371,SKU-0120,Secondary,-8,-3342.3,,,,,,,,,,,,
T-07,TXN00857869,2025-02-20,SI/2425/0058353,DST-0074,OUT-04534,SKU-0186,Secondary,-5,-504.06,,,,,,,,,,,,
T-07,TXN00901824,2025-04-28,SI/2526/0005145,DST-0070,OUT-04303,SKU-0109,Secondary,-13,-1546.85,,,,,,,,,,,,
T-07,TXN00981196,2025-08-20,SI/2526/0026804,DST-0037,OUT-02273,SKU-0007,Secondary,-44,-1386.96,,,,,,,,,,,,
T-07,TXN00984302,2025-08-26,SI/2526/0027846,DST-0044,OUT-02741,SKU-0230,Secondary,-22,-1752.6,,,,,,,,,,,,
T-07,TXN00992041,2025-09-04,SI/2526/0029787,DST-0072,OUT-04401,SKU-0165,Secondary,-19,-409.9,,,,,,,,,,,,
T-07,TXN01009293,2025-09-27,SI/2526/0034627,DST-0086,OUT-05256,SKU-0200,Secondary,-41,-2517.36,,,,,,,,,,,,
T-07,TXN01025772,2025-10-17,SI/2526/0038928,DST-0083,OUT-05100,SKU-0043,Secondary,-6,-1838.68,,,,,,,,,,,,
T-07,TXN01029626,2025-10-24,SI/2526/0040247,DST-0030,OUT-01839,SKU-0050,Secondary,-7,-860.5,,,,,,,,,,,,
T-07,TXN01057215,2025-12-01,SI/2526/0048445,DST-0030,OUT-01857,SKU-0046,Secondary,-4,-722.72,,,,,,,,,,,,
T-07,TXN01061912,2025-12-04,SI/2526/0049367,DST-0116,OUT-07014,SKU-0238,Secondary,-1,-335.36,,,,,,,,,,,,
T-07,TXN01079790,2025-12-31,SI/2526/0054511,DST-0037,OUT-02269,SKU-0042,Secondary,-2,-356.69,,,,,,,,,,,,
TG-01,,,,,,,,,,SP-0011,2024-05,78848.9,,,,,,,,,
TG-01,,,,,,,,,,SP-0016,2024-01,15421.03,,,,,,,,,
TG-01,,,,,,,,,,SP-0038,2023-12,5921.9,,,,,,,,,
TG-01,,,,,,,,,,SP-0039,2022-09,36565.49,,,,,,,,,
TG-01,,,,,,,,,,SP-0040,2025-01,56853.79,,,,,,,,,
TG-01,,,,,,,,,,SP-0064,2021-06,32235.34,,,,,,,,,
TG-01,,,,,,,,,,SP-0065,2021-09,40647.67,,,,,,,,,
TG-01,,,,,,,,,,SP-0080,2023-08,49979.67,,,,,,,,,
TG-01,,,,,,,,,,SP-0085,2022-09,50970.37,,,,,,,,,
TG-01,,,,,,,,,,SP-0086,2024-11,107625.75,,,,,,,,,
TG-01,,,,,,,,,,SP-0094,2023-01,30556.94,,,,,,,,,
TG-01,,,,,,,,,,SP-0119,2021-02,9924.31,,,,,,,,,
TG-01,,,,,,,,,,SP-0125,2025-04,22094.94,,,,,,,,,
TG-01,,,,,,,,,,SP-0130,2025-03,90117.05,,,,,,,,,
TG-01,,,,,,,,,,SP-0135,2025-11,174322.66,,,,,,,,,
TG-01,,,,,,,,,,SP-0140,2022-06,43737.39,,,,,,,,,
TG-01,,,,,,,,,,SP-0148,2022-05,51309.43,,,,,,,,,
TG-01,,,,,,,,,,SP-0153,2023-04,25396.38,,,,,,,,,
TG-01,,,,,,,,,,SP-0178,2023-08,33653.38,,,,,,,,,
TG-01,,,,,,,,,,SP-0186,2025-01,71258.04,,,,,,,,,
TG-01,,,,,,,,,,SP-0212,2025-09,31444.73,,,,,,,,,
TG-01,,,,,,,,,,SP-0214,2023-04,4025.47,,,,,,,,,
TG-01,,,,,,,,,,SP-0234,2021-11,14118.16,,,,,,,,,
TG-01,,,,,,,,,,SP-0237,2024-09,151923.48,,,,,,,,,
TG-01,,,,,,,,,,SP-0241,2021-06,21278.76,,,,,,,,,
TG-01,,,,,,,,,,SP-0244,2022-12,67511.02,,,,,,,,,
TG-01,,,,,,,,,,SP-0254,2022-05,58355.69,,,,,,,,,
TG-01,,,,,,,,,,SP-0263,2022-12,34719.42,,,,,,,,,
TG-01,,,,,,,,,,SP-0281,2021-09,281.83,,,,,,,,,
TG-01,,,,,,,,,,SP-0286,2025-11,48918.08,,,,,,,,,
TG-01,,,,,,,,,,SP-0300,2024-04,25688.88,,,,,,,,,
TG-01,,,,,,,,,,SP-0302,2022-12,5157.34,,,,,,,,,
TG-01,,,,,,,,,,SP-0308,2021-09,58779.24,,,,,,,,,
TG-01,,,,,,,,,,SP-0365,2025-11,36428.92,,,,,,,,,
TG-01,,,,,,,,,,SP-0373,2025-10,43896.25,,,,,,,,,
TG-01,,,,,,,,,,SP-0378,2024-08,60627.05,,,,,,,,,
TG-01,,,,,,,,,,SP-0384,2023-04,53156.82,,,,,,,,,
S-01,,,,DST-0003,,SKU-0152,,,,,,0,2022-05-31,22,0,0,0,67,,,
S-01,,,,DST-0004,,SKU-0211,,,,,,27,2025-04-30,31,0,0,0,60,,,
S-01,,,,DST-0011,,SKU-0091,,,,,,0,2024-03-31,0,60,0,0,101,,,
S-01,,,,DST-0011,,SKU-0155,,,,,,35,2022-10-31,99,0,0,0,79,,,
S-01,,,,DST-0014,,SKU-0171,,,,,,0,2025-02-28,43,0,0,-4,97,,,
S-01,,,,DST-0015,,SKU-0012,,,,,,16,2025-07-31,31,0,0,0,25,,,
S-01,,,,DST-0016,,SKU-0174,,,,,,128,2021-08-31,168,0,0,0,96,,,
S-01,,,,DST-0017,,SKU-0078,,,,,,11,2025-11-30,113,0,0,0,134,,,
S-01,,,,DST-0017,,SKU-0160,,,,,,15,2024-04-30,122,0,0,0,118,,,
S-01,,,,DST-0017,,SKU-0205,,,,,,0,2024-12-31,7,0,0,0,39,,,
S-01,,,,DST-0018,,SKU-0088,,,,,,203,2022-02-28,122,516,18,-9,498,,,
S-01,,,,DST-0018,,SKU-0097,,,,,,0,2022-06-30,162,12,0,0,211,,,
S-01,,,,DST-0019,,SKU-0099,,,,,,320,2025-10-31,760,696,0,-1,1166,,,
S-01,,,,DST-0019,,SKU-0146,,,,,,147,2023-07-31,56,348,6,-3,318,,,
S-01,,,,DST-0019,,SKU-0187,,,,,,17,2023-01-31,1,33,0,0,53,,,
S-01,,,,DST-0023,,SKU-0006,,,,,,5,2021-12-31,2,3,0,0,29,,,
S-01,,,,DST-0026,,SKU-0036,,,,,,0,2024-05-31,74,0,0,0,123,,,
S-01,,,,DST-0027,,SKU-0228,,,,,,73,2025-09-30,0,168,0,0,148,,,
S-01,,,,DST-0032,,SKU-0018,,,,,,43,2024-10-31,52,0,9,-4,53,,,
S-01,,,,DST-0035,,SKU-0050,,,,,,6,2025-02-28,30,0,0,0,35,,,
S-01,,,,DST-0035,,SKU-0162,,,,,,288,2022-12-31,696,0,0,0,465,,,
S-01,,,,DST-0045,,SKU-0202,,,,,,35,2022-10-31,50,0,0,0,47,,,
S-01,,,,DST-0049,,SKU-0012,,,,,,23,2023-07-31,2,72,0,0,94,,,
S-01,,,,DST-0056,,SKU-0198,,,,,,0,2023-08-31,8,42,0,0,95,,,
S-01,,,,DST-0060,,SKU-0067,,,,,,99,2023-05-31,273,0,0,0,195,,,
S-01,,,,DST-0060,,SKU-0172,,,,,,0,2023-11-30,1,420,0,0,474,,,
S-01,,,,DST-0060,,SKU-0222,,,,,,0,2021-04-30,5,0,0,0,10,,,
S-01,,,,DST-0061,,SKU-0067,,,,,,48,2021-08-31,33,216,0,0,220,,,
S-01,,,,DST-0062,,SKU-0129,,,,,,0,2024-12-31,9,0,0,0,51,,,
S-01,,,,DST-0065,,SKU-0038,,,,,,68,2024-11-30,36,36,0,0,35,,,
S-01,,,,DST-0066,,SKU-0221,,,,,,9,2024-06-30,18,6,0,0,61,,,
S-01,,,,DST-0069,,SKU-0156,,,,,,42,2021-04-30,37,6,0,0,34,,,
S-01,,,,DST-0072,,SKU-0191,,,,,,13,2025-01-31,77,0,0,0,118,,,
S-01,,,,DST-0074,,SKU-0203,,,,,,130,2022-05-31,1,132,0,0,8,,,
S-01,,,,DST-0077,,SKU-0070,,,,,,18,2025-09-30,35,0,0,0,65,,,
S-01,,,,DST-0077,,SKU-0133,,,,,,6,2023-11-30,178,0,0,0,199,,,
S-01,,,,DST-0079,,SKU-0195,,,,,,45,2022-11-30,3,132,0,0,95,,,
S-01,,,,DST-0085,,SKU-0168,,,,,,32,2025-07-31,42,0,0,0,44,,,
S-01,,,,DST-0086,,SKU-0143,,,,,,69,2022-05-31,33,102,1,0,88,,,
S-01,,,,DST-0086,,SKU-0173,,,,,,0,2024-12-31,217,0,0,0,258,,,
S-01,,,,DST-0088,,SKU-0200,,,,,,13,2023-08-31,275,0,0,0,270,,,
S-01,,,,DST-0091,,SKU-0142,,,,,,80,2021-05-31,368,0,0,-1,304,,,
S-01,,,,DST-0093,,SKU-0099,,,,,,88,2024-06-30,782,0,0,-2,742,,,
S-01,,,,DST-0093,,SKU-0153,,,,,,0,2022-03-31,40,0,0,0,51,,,
S-01,,,,DST-0094,,SKU-0153,,,,,,59,2021-08-31,38,72,0,0,68,,,
S-01,,,,DST-0094,,SKU-0216,,,,,,45,2021-07-31,23,30,0,0,53,,,
S-01,,,,DST-0097,,SKU-0077,,,,,,5,2022-12-31,17,0,3,-2,42,,,
S-01,,,,DST-0097,,SKU-0191,,,,,,36,2022-08-31,47,0,0,0,40,,,
S-01,,,,DST-0099,,SKU-0133,,,,,,175,2021-07-31,103,72,0,0,18,,,
S-01,,,,DST-0101,,SKU-0079,,,,,,11,2025-04-30,25,0,0,0,57,,,
S-01,,,,DST-0107,,SKU-0051,,,,,,41,2022-05-31,22,21,0,0,28,,,
S-01,,,,DST-0108,,SKU-0137,,,,,,59,2023-07-31,3,210,0,0,174,,,
S-01,,,,DST-0108,,SKU-0195,,,,,,105,2023-08-31,73,78,0,0,82,,,
S-01,,,,DST-0109,,SKU-0180,,,,,,21,2023-02-28,140,0,0,0,150,,,
S-01,,,,DST-0110,,SKU-0122,,,,,,9,2021-03-31,24,0,0,0,35,,,
S-01,,,,DST-0113,,SKU-0016,,,,,,66,2025-06-30,23,96,8,-4,81,,,
S-01,,,,DST-0115,,SKU-0037,,,,,,2,2021-01-31,2,0,0,0,53,,,
S-01,,,,DST-0115,,SKU-0079,,,,,,0,2022-06-30,32,3,0,0,87,,,
S-01,,,,DST-0116,,SKU-0007,,,,,,273,2022-02-28,312,0,0,0,96,,,
S-01,,,,DST-0118,,SKU-0204,,,,,,14,2021-12-31,17,1,0,0,19,,,
C-01,,,PI/2021/0000552,,,,,,,,,,,,,,,,COL0000630,69364.67,76301.14
C-01,,,PI/2223/0000265,,,,,,,,,,,,,,,,COL0004127,312294.48,343523.93
C-01,,,PI/2223/0000962,,,,,,,,,,,,,,,,COL0004935,110944.9,74070.85
C-01,,,PI/2223/0000962,,,,,,,,,,,,,,,,COL0004936,110944.9,40561.46
C-01,,,PI/2223/0001411,,,,,,,,,,,,,,,,COL0005454,70082.33,77090.56
C-01,,,PI/2223/0002078,,,,,,,,,,,,,,,,COL0006231,63634.74,48085.88
C-01,,,PI/2223/0002078,,,,,,,,,,,,,,,,COL0006232,63634.74,17103.75
C-01,,,PI/2324/0001974,,,,,,,,,,,,,,,,COL0009221,8665.61,9532.17
C-01,,,PI/2526/0000738,,,,,,,,,,,,,,,,COL0014194,80268.59,48231.43
C-01,,,PI/2526/0000738,,,,,,,,,,,,,,,,COL0014195,80268.59,35240.88
C-01,,,PI/2526/0001534,,,,,,,,,,,,,,,,COL0015120,100284.17,76526.27
C-01,,,PI/2526/0001534,,,,,,,,,,,,,,,,COL0015121,100284.17,30714.83
